<?xml version="1.0" encoding="UTF-8" ?>
<!DOCTYPE configuration
        PUBLIC "-//mybatis.org//DTD Config 3.0//EN"
        "http://mybatis.org/dtd/mybatis-3-config.dtd">

<configuration>
    <environments default="development">
        <environment id="development">
            <transactionManager type="JDBC"/>
            <dataSource type="POOLED">
                <property name="driver" value="com.mysql.cj.jdbc.Driver"/>
                <property name="url" value= "jdbc:mysql://123.56.154.190:3306/travel-system"/>
                <property name="username" value="travel-system-database"/>
                <property name="password" value="Q2SWraFR3zKAP3bD"/>
            </dataSource>
        </environment>
    </environments>

    <mappers>
        <mapper resource="mapper/SiteMapper.xml"/> <!-- 注册 XML 映射文件 -->
    </mappers>
</configuration>